LogisticRegression,XGBoost,RandomForest,SVM_RBF,label,task_id
0.9943435104356237,0.9240039587020874,0.9072026719370931,0.8943642276068875,1,task_002
0.008448989367774464,0.007235373370349407,0.01932480125587993,0.007854156549933015,0,task_002
0.9618002835841593,0.9118789434432983,0.9050834121222483,0.9662062053113949,1,task_003
0.6122860072590471,0.47025078535079956,0.723944246002021,0.4612041567495259,0,task_003
0.07381547497401783,0.01504236739128828,0.021917602610485396,0.05567102560848026,0,task_003
0.9983046862119704,0.9826496839523315,0.9125313900278738,0.9181322329485075,1,task_005
0.972121091272245,0.9488474726676941,0.9074378764764671,0.9126811498456372,1,task_006
0.9882982392003249,0.9528505802154541,0.9207285490523232,0.8975096171776717,1,task_007
0.9738717012724127,0.94681715965271,0.9169078652132279,0.8994519235503403,1,task_009
0.9919118798640476,0.957098126411438,0.9153218256696418,0.8947440760430885,1,task_010
0.22863904079777456,0.4579492509365082,0.5213855472866665,0.43785127105103794,0,task_010
0.13044224400659107,0.01001765113323927,0.09600384732590961,0.048428448105799785,0,task_010
0.9685177597538068,0.9333838224411011,0.8998568393975434,0.9061517103709905,1,task_011
0.9811042103021543,0.9259385466575623,0.9119581508859419,0.9420242295580911,1,task_012
0.9700622074240761,0.9154351353645325,0.9151180773565301,0.9611750434635203,0,task_012
0.9404044972581296,0.9458906054496765,0.9114161206830411,0.9624341794734845,1,task_015
0.997198044304894,0.9461365938186646,0.9166140194490943,0.8946977090240095,1,task_017
0.9639375701999523,0.9421972036361694,0.9152929760917425,0.9489056003635502,1,task_018
0.96707500409456,0.9154351353645325,0.9151180773565301,0.9612092234516614,1,task_019
0.9672961824549863,0.8935961723327637,0.911657019887189,0.9339257148942377,1,task_021
0.9955228069673083,0.9732651114463806,0.9044521074289114,0.9019354559609056,1,task_022
0.9921412963332811,0.9571124315261841,0.9227493771217418,0.9051397565834709,1,task_024
0.998177150968736,0.9726670980453491,0.9193654335947093,0.9100181445351302,1,task_026
0.98267121788212,0.915424108505249,0.9024608424868649,0.8966342260306244,1,task_028
0.9900807197558756,0.9274847507476807,0.9216226750840397,0.9126843324128857,1,task_030
0.9269391552424016,0.9599853157997131,0.9227003645522798,0.9725889148110368,1,task_031
0.4485580638958319,0.8101487755775452,0.513629945836212,0.2461582812267276,0,task_031
0.10777576734607647,0.006006792187690735,0.04590413328252054,0.04273693650078566,0,task_031
0.13125223450529028,0.019968099892139435,0.0677300789542826,0.06036148875370474,0,task_031
0.6455603118482508,0.921803891658783,0.854210763309946,0.8460877493633672,1,task_032
0.05612568293467286,0.007235373370349407,0.008423660819063948,0.02358219768277576,0,task_032
0.035844288676881136,0.007235373370349407,0.008423660819063948,0.011610446043004628,0,task_032
0.892961034991755,0.9730406999588013,0.9058451109317663,0.9686653211938993,1,task_033
0.28023259290790153,0.06202004477381706,0.17287394029266281,0.10785646264719803,0,task_033
0.10139792566960021,0.008106295950710773,0.06860100626606433,0.0333262317279823,0,task_033
0.8929417592425639,0.8981374502182007,0.9110978842966132,0.9432039675725886,1,task_034
0.1127618547515062,0.013181584887206554,0.10365704572058734,0.029776741635807857,0,task_034
0.0416996866517091,0.00793145876377821,0.022715474766216583,0.013724879990804193,0,task_034
0.8521091524160411,0.9354466795921326,0.905905874987945,0.9456237616668369,1,task_035
0.5901676453257195,0.9100096225738525,0.8475207707301496,0.7917501618876366,0,task_035
0.054056297445714614,0.006816054694354534,0.05654370675811126,0.020418030760260462,0,task_035
0.05509328509818268,0.006816054694354534,0.053040468233751935,0.01370904091763375,0,task_035
0.906967987676784,0.9526918530464172,0.9091051335121417,0.9627565437099133,1,task_036
0.06481979052900845,0.0077522387728095055,0.05903889605232851,0.021494583232270204,0,task_036
0.08658289500274687,0.0071752616204321384,0.07648321128181498,0.021707267014496733,0,task_036
0.8832952702601886,0.9307196736335754,0.9070551309765161,0.9613198747403577,1,task_037
0.9120878947894715,0.9404840469360352,0.8939646554471706,0.9434678403097405,1,task_038
0.9563282161038267,0.9625271558761597,0.9114161206830411,0.9621613271523322,1,task_039
0.2246121003598008,0.018093356862664223,0.17361778907447964,0.06785437425073343,0,task_039
0.41212569290049983,0.036290474236011505,0.3506303925731649,0.04596102967882741,0,task_039
0.7552310122784223,0.9276990294456482,0.888363423420748,0.8582040941445298,1,task_040
0.22611053143283283,0.018093356862664223,0.17361778907447964,0.06679721663555092,0,task_040
0.009097569324278562,0.006816054694354534,0.014692469677563316,0.010890576605479499,0,task_040
0.022212207099753925,0.006816054694354534,0.006523666549641783,0.009878022185024468,0,task_040
0.8983714889329998,0.8814561367034912,0.9085145904359757,0.9557556285127478,1,task_041
0.07761609670304816,0.008259215392172337,0.062124916405529244,0.017086262857446417,0,task_041
0.9117548329809613,0.873086154460907,0.911657019887189,0.9575419389165865,1,task_042
0.01930637574344248,0.007542445324361324,0.015443799422668887,0.011721154129717408,0,task_042
0.8926395334675838,0.949241042137146,0.90261342632832,0.9665470349574915,1,task_043
0.04607377837798079,0.00595089141279459,0.08598667144196054,0.02221797990414233,0,task_043
0.8387853504701148,0.9421867728233337,0.8889968604405198,0.9099510121614148,1,task_044
0.04869536813721649,0.007737547624856234,0.08776541396548299,0.013052403832755462,0,task_044
0.5822978527707305,0.7671793699264526,0.7514044969129593,0.8241875466453682,1,task_045
0.9032416972320704,0.9599853157997131,0.9227003645522798,0.96743009046284,1,task_046
0.16606979484718842,0.0127340629696846,0.10780366328397531,0.05827284900130432,0,task_046
0.7539567888210518,0.925565779209137,0.9054967339553477,0.9203515029231395,1,task_047
0.0403917691783473,0.00595089141279459,0.00503526124379269,0.01301035574970408,0,task_047
0.7948953338775465,0.8501976728439331,0.913035627981847,0.9199040899093118,1,task_048
0.6780126352446783,0.8901262879371643,0.8807950790505576,0.9026023996406954,1,task_050
0.08157166032440527,0.00837861467152834,0.08821306716928441,0.0168490387813659,0,task_050
0.8793265820739357,0.937435507774353,0.9063502100787636,0.9558505074304807,1,task_051
0.06265139384389207,0.00793145876377821,0.015301282216662044,0.014229815261638338,0,task_051
0.8777070204013266,0.9093475341796875,0.9038669886022536,0.9540119284847486,1,task_052
0.8028221398320627,0.9393601417541504,0.8821810100835016,0.9534140236128491,1,task_053
0.9527608465238019,0.8975083231925964,0.9041244984697263,0.9482688732314671,1,task_054
0.8229831840409435,0.9516854882240295,0.9039620321323665,0.922281711479178,1,task_055
0.3257755544221606,0.2107587456703186,0.16266064056267923,0.09417001944464884,0,task_055
0.10032699108788659,0.0071752616204321384,0.08153409009772616,0.03457213438040854,0,task_055
0.10912089114563826,0.024161582812666893,0.10151403035147423,0.022153043407936942,0,task_055
0.9327545508168085,0.9551098942756653,0.9202842571697295,0.9732038372570586,1,task_056
0.7903053816744536,0.937435507774353,0.8832783005270677,0.939629187318191,1,task_057
0.32523526348764814,0.5553553700447083,0.27062968888585737,0.12497395569071224,0,task_057
0.3191958547502954,0.44931256771087646,0.5371683699941666,0.4726291636830721,0,task_057
0.17670629646401692,0.013843903318047523,0.14195600047664744,0.046161143733249824,0,task_057
0.09878429752632789,0.007277138996869326,0.08786591018173255,0.034144168371425754,0,task_057
0.8636415729336429,0.9373077154159546,0.9104085259935547,0.9560174058144275,1,task_058
0.3768607133017594,0.5846596360206604,0.6909167594275542,0.7064281909959785,0,task_058
0.039926567538210174,0.00595089141279459,0.00503526124379269,0.027523678916818353,0,task_058
0.9498460288736061,0.9701187610626221,0.9227743958861345,0.9698401199496781,1,task_059
0.575175988991747,0.9206265211105347,0.8743917624200384,0.3846539009867998,0,task_059
0.8891839962200517,0.9648983478546143,0.9207105612308568,0.9697148604001521,0,task_059
0.2567138620335111,0.06202004477381706,0.1834424828612054,0.0762982895820836,0,task_059
0.8636201206178736,0.8815587162971497,0.9074251562860538,0.9452274631724372,1,task_060
0.2734708719572488,0.030090974643826485,0.33089038837924,0.07979427501238756,0,task_060
0.02917704809179466,0.00595089141279459,0.038109800068897234,0.011858538206905493,0,task_060
0.9832791613755338,0.935076117515564,0.9117660126085737,0.9137023952929814,1,task_004
0.393593680963675,0.15105094015598297,0.6579160153613175,0.6927287108967579,0,task_004
0.21390312272324227,0.10405287891626358,0.23374541813220248,0.16855882384743542,0,task_004
0.09469203883423419,0.09362415224313736,0.17568919199556648,0.13229352241731163,0,task_004
0.7795575334000956,0.9097608327865601,0.8230698708759999,0.9634756263761715,1,task_014
0.3835903288559291,0.7582237124443054,0.6560003495107085,0.9238661697110948,0,task_014
0.9819369440104433,0.920610785484314,0.7727053867144611,0.9045978979421176,1,task_016
0.9982359895211332,0.9649291634559631,0.9175544560348485,0.9161127849353856,1,task_029
0.6824831889341927,0.8080969452857971,0.6996293950213824,0.9563215031125392,1,he_000
0.489644572306751,0.7576653361320496,0.771484880584311,0.538741586913057,1,he_001
0.7287861757823617,0.9393540024757385,0.9095004059996221,0.9032721737676138,1,he_002
0.7140427549933949,0.8388614654541016,0.8859733824367987,0.7614558582599708,1,he_003
0.39306355862290093,0.8324946165084839,0.7138498552723685,0.8486345863489912,1,he_004
0.9289241660874019,0.915424108505249,0.9037727609857474,0.9551192315649003,1,he_005
0.617399242891786,0.8748509287834167,0.8818315966188934,0.7988811150057861,1,he_006
0.04051015436512544,0.007542445324361324,0.007107390513631054,0.014370593611020834,0,he_006
0.7129470826567775,0.8772136569023132,0.8583979383493137,0.9389821465567666,1,he_007
0.4504052296971432,0.539134681224823,0.6082263746550924,0.7570970699854688,1,he_008
0.16177278902139663,0.008106295950710773,0.12950636007933108,0.05138080607048654,0,he_008
0.15123790175698568,0.09362415224313736,0.12271476208166117,0.11583473888719982,0,he_008
0.00626251705170985,0.006006792187690735,0.026979567291250457,0.005504545861794354,0,he_008
0.7957206403091196,0.921958863735199,0.9101128713655582,0.9558168244412475,1,he_009
0.8011600435917798,0.8976473808288574,0.8602801560351685,0.9604214370089441,1,he_011
0.48804291749012435,0.6912441849708557,0.8517548665350185,0.6443239123026674,1,he_012
0.09389108397712462,0.011926957406103611,0.07731608210947566,0.033013491273065694,0,he_012
0.9061394942945444,0.8702074885368347,0.8884444788576392,0.9539056640151414,1,he_013
0.8046001629220537,0.7191522717475891,0.7505869875809867,0.9486311634829145,1,he_014
0.9407272173767512,0.8683711886405945,0.9030072202658639,0.9586976126294705,1,he_015
0.6944900317778873,0.7441990375518799,0.7439189537506778,0.9446473318919534,1,he_016
0.36473545857877626,0.6726322174072266,0.5092153119868625,0.44466046666455084,1,he_017
0.12297036952813309,0.012053302489221096,0.09843719806851567,0.030275086136256533,0,he_017
0.07536057827152456,0.0077522387728095055,0.03082304440425101,0.022372293878530996,0,he_017
0.09792256453732417,0.0071752616204321384,0.081168186188251,0.0181484649381839,0,he_017
0.7176955616220942,0.8397171497344971,0.6948675452440418,0.9490713425200606,1,he_018
0.8838394502157073,0.9274855852127075,0.9085145904359757,0.9580219747114503,1,he_019
0.8043166883590636,0.8926936388015747,0.8765561554713186,0.899284514601825,1,he_020
0.6423581859030081,0.8762696385383606,0.8173020675004001,0.9486335714063504,1,he_021
0.8267259916344624,0.9244412183761597,0.8631036214225865,0.9627449751720685,1,he_022
0.9904505065189283,0.9263269305229187,0.9125548978712739,0.9100460475700077,1,he_023
0.8817587282765997,0.9282752275466919,0.6967243653532109,0.8907362018180399,1,he_024
0.7342846890739673,0.9127996563911438,0.8892225934587291,0.9084117643684327,1,he_025
0.9377191255197723,0.9015263319015503,0.910564885691647,0.9679424024590436,1,he_026
0.7902325414638695,0.6798601746559143,0.6940752332799515,0.9333454357753002,1,he_027
0.08253220425283972,0.08476902544498444,0.4020181662605885,0.23613084465124543,0,he_027
0.7130429042219715,0.9131066203117371,0.7771391628276253,0.9580956839010866,1,he_028
0.7395945697760702,0.8748874664306641,0.8609028535976146,0.9430444856517,1,he_029
0.9994486190970281,0.9436768889427185,0.7055504634745815,0.8997266067818289,1,mbpp_002
0.8931359054563347,0.7540963888168335,0.7481268977381955,0.9164972184477719,1,mbpp_004
0.11571282747678885,0.007309276144951582,0.06618371461907774,0.06955358882673587,0,mbpp_004
0.9979117072366447,0.9629716873168945,0.9045378583425692,0.9104112371127517,1,mbpp_007
0.9831334868204978,0.9448923468589783,0.8761785781480672,0.9028614560664898,1,mbpp_008
0.9979994802459379,0.9616020917892456,0.9263722100493429,0.9039801148603503,1,mbpp_009
0.9949423648812713,0.9472011923789978,0.9151180773565301,0.891280505266667,1,mbpp_011
0.18556894065154506,0.018958909437060356,0.10500415387425992,0.12535500723927973,0,mbpp_011
0.9990335446810213,0.9662083387374878,0.9173753026916787,0.9084053780107483,1,mbpp_014
0.9735490580607168,0.9115438461303711,0.9104369383451353,0.9574736056788566,1,mbpp_017
0.9409291351570491,0.8613638281822205,0.8851016367082226,0.9119634137559381,1,mbpp_019
0.9973380065435196,0.9408303499221802,0.9218509710742935,0.9090216756564046,1,mbpp_058
0.739850344164912,0.8119622468948364,0.7039150788002925,0.9250308635675277,1,mbpp_063
0.9753565432057116,0.8754974007606506,0.9131140334618496,0.9223419112380601,1,mbpp_064
0.9927066934569174,0.9351710677146912,0.8992470934452089,0.8972611128209864,1,mbpp_065
0.9936404605537031,0.9543989896774292,0.8278230982723933,0.8995288947745641,1,task_025
0.95774647079837,0.9344340562820435,0.9087639130361927,0.931980828230857,1,mbpp_057
0.08278409440924273,0.01504236739128828,0.015101618307868206,0.049908913731569964,0,mbpp_057
0.9893012374393629,0.9115438461303711,0.9039203019463242,0.8960327888365299,1,mbpp_061
0.0076383885470438844,0.007235373370349407,0.01932480125587993,0.0071847486104888265,0,mbpp_061
0.983050773625687,0.9273267388343811,0.9151180773565301,0.9198840414420179,1,mbpp_066
0.9993288487847265,0.9662083387374878,0.9179344382822543,0.9067173611814646,1,mbpp_067
0.9989724874870844,0.9760849475860596,0.9200845926566315,0.9150283876070866,1,mbpp_072
0.9999570303338746,0.9617058038711548,0.9099692299816056,0.9154734838860366,1,mbpp_074
0.9858278365830624,0.9114162921905518,0.8758222076133958,0.902885102971766,1,mbpp_075
0.1015333182658519,0.04053548723459244,0.06285180943842678,0.14867037016458315,0,mbpp_075
0.9973575837432309,0.9586309194564819,0.9222244911448874,0.8984318222345665,1,mbpp_077
0.9998881537854417,0.9573706388473511,0.875735201570145,0.899951190765474,1,mbpp_080
0.9662681265903341,0.9580150842666626,0.6969239848563362,0.9119022421783599,1,mbpp_084
0.9927445773432052,0.9537084698677063,0.7640747358245609,0.9005941780797142,1,task_020
0.4912405531486736,0.7610476613044739,0.6352579671968932,0.8886515719096745,0,task_020
0.7889846184944329,0.8858927488327026,0.6910003871553547,0.9451431250144467,0,task_020
0.9821072806298558,0.90738445520401,0.9151795727914829,0.9148432659220028,1,task_023
0.9716085110351541,0.9661571383476257,0.6969239848563362,0.9129115679478325,1,mbpp_069
0.9998508093449845,0.9732651114463806,0.916528827200842,0.8919820797412001,1,mbpp_071
0.934456374362706,0.9381752610206604,0.9141928862731763,0.9653723997894299,0,mbpp_071
0.9890193516767974,0.9332913160324097,0.9200845926566315,0.9173785161726166,1,task_013
0.7305451001973211,0.8080484867095947,0.8734604519982022,0.6854021503470837,0,task_013
0.2176489007933852,0.023445816710591316,0.15169697577924773,0.06745150535209908,0,task_013
0.043092188887258374,0.006816054694354534,0.03991215093492975,0.06106076892518865,0,task_013
0.6511784365758487,0.9210835099220276,0.8634196891377974,0.6636272880554007,1,task_061
0.4076732812842379,0.6331660151481628,0.40055079014885975,0.24654482479433137,0,task_061
0.08004302582563906,0.008106295950710773,0.11127792934298739,0.011417738378664855,0,task_061
0.5290463002204648,0.7627241611480713,0.8108148471802223,0.6180811450355933,1,task_062
0.01588225357289096,0.007542445324361324,0.007107390513631054,0.010739847446212829,0,task_062
0.03639778439910246,0.007277138996869326,0.07986879399778676,0.008210558159348758,0,task_062
0.5878099304226309,0.8103192448616028,0.7066630625642066,0.34338772642970083,1,task_063
0.1437256410038951,0.012857071124017239,0.14389148434761517,0.024847657829835126,0,task_063
0.054648711111729566,0.007277138996869326,0.07062476177036328,0.012197248748549924,0,task_063
0.08399431154032745,0.008396096527576447,0.0805444532425353,0.013962534285207434,0,task_063
0.7479657405565198,0.9458435773849487,0.9085104530804129,0.923642256716585,1,task_064
0.3432357491361455,0.07290024310350418,0.3344598231612002,0.10239901027595907,0,task_064
0.4921765122715627,0.8382805585861206,0.8288976272506237,0.47423816949057174,0,task_064
0.24901375923888225,0.01706012897193432,0.164063306482029,0.06149180109396164,0,task_064
0.06621719064663241,0.006006792187690735,0.006178825456533601,0.041458892798492346,0,task_064
0.6356754206398786,0.8709462881088257,0.8171808581593436,0.5957253955615255,1,task_065
0.2204005167469559,0.04317164421081543,0.15050652854203603,0.04700875047226035,0,task_065
0.058015306119132026,0.007277138996869326,0.06551478734581086,0.011215672797050715,0,task_065
0.5787353348916747,0.8479090929031372,0.795448312523774,0.6060000349929869,1,task_066
0.15900381518065873,0.0207217950373888,0.21454770445762622,0.034589384139362606,0,task_066
0.032513754668184,0.00595089141279459,0.029233746641704198,0.010430081142677254,0,task_066
0.14040585701501482,0.015772735700011253,0.17932485481812827,0.01722363492642949,0,task_066
0.8888436844304459,0.9655860662460327,0.9155462662797195,0.9648702516419371,1,task_067
0.14123822891478938,0.016935406252741814,0.152979838453702,0.04811484565485722,0,task_067
0.046544519819269665,0.00595089141279459,0.00503526124379269,0.015154075150631933,0,task_067
0.6596470731420633,0.810745894908905,0.761860422829995,0.5748828357161424,1,task_068
0.18781624399941146,0.019177360460162163,0.14879263131483114,0.03653606662142063,0,task_068
0.04207560217665966,0.0077522387728095055,0.03082304440425101,0.01156317350845872,0,task_068
0.03240484252941236,0.007235373370349407,0.008423660819063948,0.010162576448877364,0,task_068
0.7804125844651904,0.9421867728233337,0.8915213181575902,0.8535042338438954,1,task_069
0.29400732759585285,0.032079342752695084,0.17268644317031837,0.07148272462001515,0,task_069
0.08987225141712818,0.007737547624856234,0.06776541396548298,0.02249003824848151,0,task_069
0.11230724733327722,0.015448286198079586,0.10862848166143152,0.018686192816568945,0,task_069
0.8653267231399491,0.917635977268219,0.9114902093210451,0.9255049117738101,1,task_070
0.3521471816826687,0.05749053880572319,0.27805002299483533,0.0915110411551886,0,task_070
0.035490865564775265,0.006006792187690735,0.006178825456533601,0.019649653940332565,0,task_070
0.7902948686779273,0.8151242733001709,0.8963414148435919,0.8486918631259892,1,task_072
0.1675152046961118,0.022151920944452286,0.136629687932303,0.05100366712279908,0,task_072
0.07720243706516489,0.00595089141279459,0.053608133462158446,0.021974587447025126,0,task_072
0.07913826584332673,0.0075699333101511,0.06996638724553668,0.012360278630545401,0,task_072
0.6019861072304352,0.9069985151290894,0.8198991649032776,0.9345730589494272,1,task_073
0.10464697913515979,0.007351329550147057,0.07267862864311246,0.03751948537188039,0,task_073
0.8150562882908005,0.9195213913917542,0.897920362212013,0.8275583526048358,1,task_074
0.2612919765602671,0.183898463845253,0.21428825816870428,0.05520476984392995,0,task_074
0.09679215769792632,0.009758615866303444,0.09036589475100311,0.020635877627561545,0,task_074
0.03752843517538729,0.00595089141279459,0.08598667144196054,0.010952513292052811,0,task_074
0.7465170878429325,0.8828046321868896,0.8969742157696396,0.9331683322479318,1,task_076
0.04970595467988378,0.00595089141279459,0.03656176459646538,0.0212751179739413,0,task_076
0.6776281351581951,0.8572571873664856,0.8839838660690392,0.7859263605205633,1,task_077
0.03009291436799824,0.007542445324361324,0.007107390513631054,0.011582029230325903,0,task_077
0.5349101910575599,0.7674136161804199,0.5897178948395009,0.27301198016130673,1,task_078
0.18218922497539297,0.06561296433210373,0.12701483777666106,0.025099845062175993,0,task_078
0.07878456793091004,0.00837861467152834,0.09418587214208941,0.014005735756037427,0,task_078
0.06433239011301313,0.007277138996869326,0.06970521463485096,0.010099740937337632,0,task_078
0.6642652307890443,0.9100096225738525,0.8475207707301496,0.870510007190302,1,task_079
0.165504511781733,0.006999889854341745,0.07562688323124346,0.06645851671988529,0,task_079
0.004809429738128451,0.006816054694354534,0.014692469677563316,0.005378183292511928,0,task_079
0.5395740236444984,0.8882697224617004,0.8372889461870417,0.5173478481662139,1,task_080
0.20064382692199986,0.026602577418088913,0.13006555263451067,0.039299124525959545,0,task_080
0.3762740152015879,0.6980167627334595,0.5399648370017672,0.27181302832273807,0,task_080
0.024231936128066293,0.006816054694354534,0.006523666549641783,0.008804028596177802,0,task_080
0.05751110736101561,0.006999889854341745,0.06776541396548298,0.012059321634987845,0,task_080
0.749305033613299,0.9450038075447083,0.8902307085962845,0.9286402080562782,1,task_081
0.07542944871999457,0.006671783979982138,0.060888708824198584,0.022772024834476795,0,task_081
0.843733477088831,0.9531856179237366,0.9015264694561526,0.9486552538418002,1,task_082
0.7523979280410057,0.9161280393600464,0.7657295513936869,0.6723067576560242,1,task_083
0.374217350192801,0.09780050069093704,0.39144483802425967,0.04833450727250569,0,task_083
0.058550097437076724,0.00595089141279459,0.0648624858406326,0.011742704312615992,0,task_083
0.8054377676064179,0.902033269405365,0.8858737758781631,0.7304197672033969,1,task_084
0.2674112372178739,0.032079342752695084,0.19084228732616246,0.05213762942381317,0,task_084
0.04693032296715889,0.006816054694354534,0.05654370675811126,0.01742545936608919,0,task_084
0.2668869200029592,0.6485103964805603,0.6519239073231397,0.8719808591967133,1,he_030
0.33654268668790455,0.4782133400440216,0.5257557960430611,0.8844292226854862,1,he_031
0.044481947146821015,0.006006792187690735,0.006178825456533601,0.012640011802909985,0,he_031
0.6911007776494119,0.8730018138885498,0.875893759316746,0.8517989248233286,1,he_033
0.492031020208483,0.8365123867988586,0.48645146782514337,0.9423257783773218,1,he_034
0.2007284123983626,0.2959170639514923,0.5532484608929397,0.6412910355511101,1,he_035
0.972514855434751,0.9332913160324097,0.914460415447802,0.9534291248250826,1,he_036
0.10120889894361218,0.011926957406103611,0.04844312228983298,0.0653488256537509,0,he_036
0.18218566754384277,0.018635356798768044,0.25923567501018274,0.05308965147838293,0,he_036
0.588068687493627,0.8858892321586609,0.8846999734165241,0.8460421179388126,1,he_037
0.9795178377848537,0.9332913160324097,0.914460415447802,0.9456747488869962,1,he_039
0.47655600413790267,0.8793880343437195,0.826527380643931,0.5550773833467447,0,he_039
0.8694272317333339,0.8951846361160278,0.9074251562860538,0.9296501680840963,1,he_040
0.03261702532680477,0.00595089141279459,0.00503526124379269,0.015172760132837037,0,he_040
0.8100787991516157,0.8803012371063232,0.8468787379251672,0.9362869305599976,1,he_042
0.7684197710777333,0.9235716462135315,0.897975521660233,0.9036106810611977,1,he_043
0.594448845310615,0.8956107497215271,0.7230810071715595,0.8940890013519621,1,he_044
0.77720837844363,0.8692865371704102,0.7653383585254916,0.9573018135784648,1,he_045
0.6976574639062504,0.9488368630409241,0.8946349557005314,0.8963230638694188,1,he_046
0.11585171854786193,0.008106295950710773,0.06860100626606433,0.036299848761517955,0,he_046
0.030057081681427938,0.006006792187690735,0.006178825456533601,0.013254267931480096,0,he_046
0.9434611074019807,0.9218465089797974,0.9167353466749297,0.9483870420158992,1,he_047
0.9013965138830489,0.8981374502182007,0.911657019887189,0.9569573459430982,1,he_048
0.38819764019107167,0.6575700640678406,0.722759293316559,0.7766859338144718,1,he_049
0.82492122060238,0.931976854801178,0.8804996596132395,0.9513362523924728,1,he_051
0.5476066152797898,0.8827187418937683,0.7035737415962144,0.9535623068717136,1,he_052
0.8029604937063926,0.9416795969009399,0.8472254773696973,0.9611755188967293,1,he_053
0.8423163705133369,0.9093475341796875,0.9140198563261123,0.9510861419458354,1,he_054
0.9944328977956008,0.9728646278381348,0.8947218972527047,0.9043667772051069,1,he_055
0.9212111832730159,0.9274855852127075,0.9085145904359757,0.9640178952225671,1,he_056
0.9748480449110217,0.9165578484535217,0.9175544560348485,0.9331785966242184,1,he_057
0.9166085301431371,0.9242085218429565,0.9140130632280739,0.9679364286905711,1,he_058
0.9293098168910602,0.9309102296829224,0.9030861577379486,0.9521764164653256,1,he_059
0.8477549153066323,0.9164823889732361,0.913088015199644,0.9385847627383309,1,he_060
0.9437423561510307,0.9155440926551819,0.9104369383451353,0.9666416421569135,1,he_061
0.4732989716811018,0.5335866212844849,0.7665541180938916,0.6463070589857743,1,he_063
0.04924232440763118,0.008259215392172337,0.08302421352437289,0.019333639015602862,0,he_063
0.923845236747648,0.8814561367034912,0.9085145904359757,0.9644872694169483,1,he_065
0.34270263279485563,0.5760942101478577,0.4259035026747728,0.18017228951156827,0,he_065
0.18399622643349017,0.026276912540197372,0.11432073972956092,0.05724617150702238,0,he_065
0.03733343394660638,0.007235373370349407,0.008423660819063948,0.020655091474403153,0,he_065
0.5034118773887434,0.6496928334236145,0.6318003146891319,0.8463970889922161,1,he_066
0.5141016606309462,0.8271901607513428,0.7424263141968797,0.40834590805182047,1,he_067
0.09396826153665315,0.008504191413521767,0.03887335886965982,0.027418369792521814,0,he_067
0.033472979976466755,0.007235373370349407,0.008423660819063948,0.011000863284269522,0,he_067
0.3154761010961919,0.2182527631521225,0.19957467137924526,0.12236330809708214,1,he_068
0.06577697351062789,0.008396096527576447,0.07860896937156757,0.011829083579254688,0,he_068
0.0595021592263816,0.008396096527576447,0.0805444532425353,0.008948229006992983,0,he_068
0.47292376434151495,0.8350240588188171,0.7624997531794251,0.2993197608094746,1,he_069
0.15150749492911128,0.014070418663322926,0.1280279234075717,0.01903978779693781,0,he_069
0.7799956640534821,0.9075050354003906,0.906356710634147,0.8844555622800481,1,he_070
0.028674068466894978,0.006006792187690735,0.006178825456533601,0.014376161557658203,0,he_070
0.729320479539707,0.8922043442726135,0.8497883874963452,0.8013119195039079,1,he_071
0.2161404801136166,0.012053302489221096,0.13536932630966977,0.055236005034448026,0,he_071
0.07543097596591353,0.008504191413521767,0.021566120513337773,0.02013700978154315,0,he_071
0.17781776096668966,0.011316089890897274,0.14430370931018183,0.034761137511808475,0,he_071
0.34165231240304317,0.2344147264957428,0.43155816990904383,0.227428235507544,1,he_072
0.030914240130162814,0.007235373370349407,0.008423660819063948,0.010734494062690577,0,he_072
0.08058572150209797,0.0071752616204321384,0.07648321128181498,0.014492774234166086,0,he_072
0.6229419214810753,0.9004901647567749,0.8864221553855717,0.7377786192815493,1,he_073
0.27742140307810526,0.41018781065940857,0.4268623419391876,0.3077156193244551,1,he_074
0.09286329220786242,0.009758615866303444,0.08699510823414919,0.022563055084628695,0,he_074
0.19762199566304664,0.04186863824725151,0.12452378506049362,0.14953641961945474,0,he_074
0.06476957712122637,0.0075699333101511,0.029233746641704198,0.015974235626048033,0,he_074
0.042884944152383905,0.00595089141279459,0.03782687793611846,0.008845180940812287,0,he_074
0.8786381927479696,0.9093475341796875,0.9140198563261123,0.95525110704485,1,he_075
0.5697893053974877,0.8660043478012085,0.7827246678098903,0.9048062880582319,1,he_076
0.3241915953659379,0.29566362500190735,0.5182994432890012,0.7827023331402941,1,he_077
0.26258648624281417,0.15841545164585114,0.3316900228795253,0.24680369853820863,1,he_079
0.0632521726928016,0.00595089141279459,0.04750393026326371,0.01855175925102979,0,he_079
0.03251618055079117,0.00595089141279459,0.00503526124379269,0.010558465123482816,0,he_079
0.5336439640786407,0.8047915697097778,0.7199982744293949,0.7880506041802297,1,he_080
0.01640963749247577,0.00595089141279459,0.021680545440216505,0.007736055634419778,0,he_080
0.03045817077776193,0.00595089141279459,0.00503526124379269,0.01367827472284438,0,he_080
0.2996831133542278,0.03525479510426521,0.2797558592465485,0.1461167328410293,1,he_081
0.1067278396952432,0.010316004045307636,0.1199233987184106,0.01789642116534996,0,he_081
0.10795299145930229,0.009758615866303444,0.1028658947510031,0.025571217125915813,0,he_081
0.08892424897604437,0.011638817377388477,0.11009401725930049,0.011230320226954504,0,he_081
0.61335119831173,0.9153287410736084,0.7054623841744734,0.9460902834138583,1,he_082
0.9967830581276389,0.9566277861595154,0.8551200557682235,0.9028063388569634,1,he_083
0.9476284456473535,0.867257833480835,0.9084116403089199,0.9566037098573658,1,he_085
0.09176423754427546,0.04053548723459244,0.04160971252412378,0.14250457905631897,0,he_085
0.025692618743611974,0.006006792187690735,0.026979567291250457,0.0209090216388933,0,he_085
0.7760666867120286,0.8619980216026306,0.8846961128957053,0.8634493989988212,1,he_086
0.3701229840097049,0.763460636138916,0.635928499749088,0.38059190086866707,1,he_087
0.09878670487567255,0.007277138996869326,0.07073215855705167,0.025385111228135332,0,he_087
0.048533598861870586,0.007542445324361324,0.007107390513631054,0.01628564398864963,0,he_087
0.046216133583156,0.007277138996869326,0.06551478734581086,0.01039211775874197,0,he_087
0.5433023780163307,0.8209964036941528,0.8039702116303868,0.40175428199737495,1,he_088
0.1556616848750645,0.016797786578536034,0.17853397418138897,0.02723512409778407,0,he_088
0.05344656801262602,0.00595089141279459,0.029233746641704198,0.013882303113927916,0,he_088
0.04553644111184077,0.00595089141279459,0.02146451587247343,0.008868038938356282,0,he_088
0.7149267802430153,0.8889214992523193,0.7884839960016754,0.9503735210946916,1,he_089
0.10170533306101842,0.00905989482998848,0.06427545403993785,0.03067703553763345,0,he_089
0.664806463677249,0.9099370837211609,0.9055543967770615,0.8230526872694124,1,he_090
0.7454724928596719,0.9093475341796875,0.8807950790505576,0.9343664051171554,1,he_091
0.026136476391351474,0.007542445324361324,0.007107390513631054,0.010463017824559632,0,he_091
0.694594794960724,0.9252899289131165,0.8463961061874921,0.9257138922935809,1,he_092
0.07475131704294882,0.006816054694354534,0.046130614447440446,0.04042752513221893,0,he_092
0.905908293078253,0.8814561367034912,0.9070551309765161,0.9631792232413617,1,he_093
0.06087223367344061,0.007235373370349407,0.008423660819063948,0.030740161245833616,0,he_093
0.22543103684049143,0.021375345066189766,0.22686879595597415,0.03854459741135389,0,he_093
0.3971296464928152,0.5108606219291687,0.7160356029278706,0.5301235636036604,1,he_094
0.32376594643311807,0.33538225293159485,0.5169128579981248,0.8173700451357648,1,he_095
0.02955825103457697,0.006816054694354534,0.006523666549641783,0.014656003980682827,0,he_095
0.041329306509523094,0.007309276144951582,0.07072681606295758,0.013505044737304215,0,he_095
0.5841675271377337,0.8924302458763123,0.8279968595200558,0.8837832491688441,1,he_096
0.814634945826453,0.9037485718727112,0.898965373336476,0.9486190352491143,1,he_097
0.9705398141262909,0.8370068073272705,0.9099064721078922,0.9548891714900766,1,he_098
0.4922481217671269,0.8793880343437195,0.826527380643931,0.6181552936937635,1,he_099
0.2199397347644071,0.03412209078669548,0.23091264463428726,0.04760292019258607,0,he_099
0.13536882379536982,0.011926957406103611,0.1498395521571182,0.02532523997682403,0,he_099
0.5457811320557902,0.7561030387878418,0.7443761793404622,0.4061493696681732,1,he_100
0.17156285018458564,0.012053302489221096,0.12567659669064296,0.029909030070948483,0,he_100
0.14100419696490496,0.011316089890897274,0.12036097969115499,0.018965241900147162,0,he_100
0.2388744990513847,0.0528254359960556,0.1595628772149159,0.022464599761623058,0,he_100
0.42900920574878315,0.71578049659729,0.6505023999126606,0.69569298336126,1,he_101
0.8579107752269777,0.9015263319015503,0.9090741019384949,0.9425818089919972,1,he_103
0.0912334212618414,0.007997782900929451,0.03743630333188792,0.028148348623132247,0,he_103
0.08692660269979068,0.008106295950710773,0.06860100626606433,0.011861780015587074,0,he_103
0.6082209161666469,0.8224911689758301,0.7648453040848883,0.9307978740698699,1,he_104
0.47584868734323144,0.20922090113162994,0.621655278745705,0.3439134783065922,1,he_105
0.07289723599152165,0.00793145876377821,0.039774675849822014,0.021298180667622627,0,he_105
0.02060047726122634,0.007542445324361324,0.007107390513631054,0.009242925749727134,0,he_105
0.05108590804718672,0.007277138996869326,0.06551478734581086,0.010129667048876207,0,he_105
0.624020431921789,0.3891574442386627,0.6672207935118051,0.7135392064463522,1,he_106
0.1903789789541646,0.013271701522171497,0.2576839929117535,0.046357673836140784,0,he_106
0.00844776857043971,0.007235373370349407,0.008423660819063948,0.005909157526490911,0,he_106
0.07580469020338422,0.00899119209498167,0.026776006824102635,0.012645562871275015,0,he_106
0.7163500973964134,0.8874239921569824,0.9080376182535715,0.8389506531077322,1,he_108
0.07900969332987492,0.007606913335621357,0.07525834195844017,0.025337816197706663,0,he_108
0.07687609094205915,0.007277138996869326,0.06786861332766142,0.016985766769488632,0,he_108
0.2162767336712408,0.022473959252238274,0.14809649496925048,0.06290453352098822,1,he_109
0.3232192156638991,0.04372120648622513,0.30571488173373285,0.1748203744718137,1,he_110
0.03284441050741268,0.00595089141279459,0.00503526124379269,0.010819788803104252,0,he_110
0.07967862135691298,0.009758615866303444,0.09036589475100311,0.011312919927521677,0,he_110
0.6102237221599974,0.9166092276573181,0.8738180642991444,0.7632405910694906,1,he_111
0.7241468167778389,0.91636061668396,0.8951515963577599,0.7984577636769161,1,he_112
0.10082407851289144,0.007997782900929451,0.05743325342282879,0.01986354733175355,0,he_112
0.48332972022330783,0.8271901607513428,0.7405572746757352,0.37951839628538053,1,he_107
0.6660970457852906,0.5650299787521362,0.8404510141524965,0.7762596672018421,1,he_113
0.1393869020222188,0.011926957406103611,0.11331375064081815,0.04969021686166841,0,he_113
0.06654377336125696,0.006816054694354534,0.03174334780700822,0.024319391366639527,0,he_113
0.03607698190021941,0.006816054694354534,0.006523666549641783,0.010862285605984085,0,he_113
0.8595210569774986,0.9358769655227661,0.9189928465849134,0.964091137065029,1,he_114
0.7070063817228586,0.9210835099220276,0.8864219444347202,0.8057842413821382,1,he_115
0.0672133999453262,0.008089512586593628,0.06878029999330168,0.011915172065759469,0,he_115
0.035303103855308014,0.006006792187690735,0.01407597728222718,0.008372011784544052,0,he_115
0.46375195710950945,0.7870573401451111,0.7938840997400033,0.4625223002603306,1,he_117
0.6423834554936586,0.9233962297439575,0.8599337438747398,0.6387221482414774,1,he_119
0.09633528601611495,0.00800331961363554,0.07545305239555232,0.017152252952372427,0,he_119
0.1339690000832636,0.04380421340465546,0.1400624705597659,0.014627730639211509,0,he_119
0.37241591330240376,0.49165651202201843,0.48962078598899067,0.20842727784267195,1,he_120
0.07888426441797021,0.03287498280405998,0.1257614971544844,0.011802511414365783,0,he_120
0.6756307299565941,0.8632388114929199,0.8658851556781714,0.9270239945076368,1,he_121
0.4837517639917663,0.7942728400230408,0.8237891040836876,0.35038995508212395,1,he_123
0.28070439850447215,0.44397640228271484,0.4872681763848215,0.23546337684907906,1,he_124
0.04047227650182263,0.007277138996869326,0.0771126455550849,0.010355160976704999,0,he_124
0.06120929239820785,0.00793145876377821,0.03545778949438461,0.011830849786472891,0,he_124
0.6664137486955163,0.8693757057189941,0.809086424571775,0.9107133758621463,1,he_125
0.10637527402838995,0.007309276144951582,0.06618371461907774,0.0752528902839662,0,he_125
0.01731269966294143,0.006816054694354534,0.006523666549641783,0.015397790921358142,0,he_125
0.045621768441657,0.006816054694354534,0.03901341640880909,0.013929825728799212,0,he_125
0.3283805999688151,0.2553764581680298,0.25206593914765707,0.13117220949857922,1,he_126
0.038570281624772225,0.00595089141279459,0.00503526124379269,0.008220658401006968,0,he_126
0.8989499919631276,0.8380245566368103,0.9058462089176328,0.9518072219292927,1,he_128
0.36984581276087447,0.03444648161530495,0.3742756814921206,0.11055976562155406,0,he_128
0.05517198946814592,0.0075699333101511,0.00503526124379269,0.019563700254643445,0,he_128
0.07965321350752601,0.0108164232224226,0.08916589475100309,0.011848333341175705,0,he_128
0.6609257842526042,0.9099370837211609,0.8761152379861262,0.8706128990159523,1,he_130
0.3074324908032827,0.5834580063819885,0.5847294297187287,0.4424564947597786,0,he_130
0.07188669185880407,0.007277138996869326,0.06551478734581086,0.015231594219755935,0,he_130
0.13836175680828502,0.009851413778960705,0.1325163291302047,0.02043912861617203,0,he_130
0.7997719860873329,0.8957058787345886,0.9070663287338337,0.9427431370823757,1,he_134
0.15180119130929856,0.01479083951562643,0.14474791959957362,0.03437246186442744,0,he_134
0.0814723787263667,0.006999889854341745,0.06897753517760419,0.019560982231086318,0,he_134
0.6361821866998276,0.8485924005508423,0.834877603340697,0.6957917121277046,1,he_136
0.0454874410112338,0.0077522387728095055,0.020028150511118458,0.0164660991705003,0,he_136
0.11359073510077439,0.024161582812666893,0.10151403035147423,0.02013713439684191,0,he_136
0.4182745378165819,0.7298586964607239,0.7285190678645206,0.7884650805843242,1,he_137
0.1533467904266372,0.027961215004324913,0.08737084149364842,0.05453836274539452,0,he_137
0.13531823128764534,0.026276912540197372,0.060203127181389114,0.05381323875499631,0,he_137
0.04963074529074538,0.0077522387728095055,0.03082304440425101,0.014728048616642397,0,he_137
0.9655639647445794,0.9344340562820435,0.9072260189324963,0.9196544959642896,1,he_138
0.7052548958293344,0.8874239921569824,0.8761152379861262,0.8792945313500033,1,he_140
0.21656944877606682,0.04977656155824661,0.16211233320159915,0.06868200257682731,0,he_140
0.06821187711860939,0.007277138996869326,0.06786861332766142,0.03691198463052519,0,he_140
0.21093205511223537,0.019252784550189972,0.1566567346672409,0.037136995540270716,0,he_140
0.22999751801644705,0.3202693462371826,0.28080081397015505,0.20525842592144944,1,he_141
0.09397216862160576,0.008801985532045364,0.12255378252030884,0.019844420087506906,0,he_141
0.03810982054453191,0.00595089141279459,0.029233746641704198,0.008458507976696285,0,he_141
0.021333717610560844,0.00595089141279459,0.00503526124379269,0.007263070206065568,0,he_141
0.486444348365498,0.7421576976776123,0.7343804222758956,0.54522541519615,1,he_143
0.8964657895681928,0.9274855852127075,0.9066212949932827,0.9535774128894319,1,he_146
0.0266184005930428,0.007235373370349407,0.008423660819063948,0.012197095183865,0,he_146
0.7204193301192703,0.8709462881088257,0.8442644733234215,0.6731827813466055,1,he_148
0.170423334608056,0.01839141733944416,0.16315790324716922,0.024370846746617842,0,he_148
0.4628047421538077,0.8778167963027954,0.833058043355247,0.33238812159699294,1,he_149
0.08586888821539702,0.006816054694354534,0.050141073612190834,0.024005627949596996,0,he_149
0.018894455285793848,0.006816054694354534,0.006523666549641783,0.008297538526704824,0,he_149
0.06151319159977511,0.011926957406103611,0.027812012678624206,0.012506471329586244,0,he_149
0.8114093990141219,0.8748846054077148,0.8923255418277191,0.8815004759836639,1,he_151
0.32234085187555783,0.03643862530589104,0.39440922383294563,0.044988396037910224,0,he_151
0.47135838775768124,0.9063524007797241,0.8332195193302016,0.4440304232607452,1,he_152
0.05618758686262862,0.006006792187690735,0.04522597236298031,0.010004154059059361,0,he_152
0.4480340985544252,0.7046610713005066,0.8021300714048339,0.5360338551555945,1,he_153
0.03955399803040041,0.006816054694354534,0.006523666549641783,0.016740228999305027,0,he_153
0.5324069542064546,0.7831552624702454,0.6522559617642492,0.9061835263372425,1,he_154
0.06204526999523103,0.015548375435173512,0.0244689874519554,0.04371367196942835,0,he_154
0.9474059643154059,0.8906568884849548,0.9018067045411259,0.9441240738089043,1,he_155
0.7814447380031395,0.9287530183792114,0.89756770374031,0.8568808972935567,1,he_158
0.1316397411475962,0.008089512586593628,0.06339780305327722,0.05098610982727215,0,he_158
0.09464768604177778,0.006006792187690735,0.041556307195564024,0.026054319703773553,0,he_158
0.13694594787812925,0.007369462866336107,0.08033348489854297,0.019981724753550742,0,he_158
0.42610652382185166,0.08406897634267807,0.44774446479168484,0.12437863220558334,1,he_159
0.0936632338143664,0.0108164232224226,0.08916589475100309,0.015780185021302035,0,he_159
0.07262185101746138,0.007675083354115486,0.09036589475100311,0.012404876558352356,0,he_159
0.03929832729792231,0.00595089141279459,0.06953627971865496,0.008025546583798745,0,he_159
0.3370596452977762,0.565136194229126,0.5852339182772412,0.4463128566744743,1,he_160
0.07249301826072567,0.007277138996869326,0.06551478734581086,0.016917316654853146,0,he_160
0.6783527961669593,0.9160454273223877,0.8608277283520791,0.9239398864059886,1,he_161
0.12237159943460531,0.019821971654891968,0.0530606717945711,0.0795154343359572,0,he_161
0.041017067352728885,0.007235373370349407,0.008423660819063948,0.02511966381081166,0,he_161
0.10507232978578052,0.008504191413521767,0.05667014931914295,0.03152733472795999,0,he_161
0.6712056774045696,0.7927877902984619,0.7420627286972037,0.9398454321651667,1,he_162
0.11625853745012116,0.06091048941016197,0.11885922884253451,0.10942712647014675,0,he_162
0.053461012888403533,0.016610531136393547,0.07635272116713593,0.04824589180749209,0,he_162
0.0519497305484594,0.008396096527576447,0.08785300159899107,0.01639686205216337,0,he_162
0.9915828958591064,0.9568113088607788,0.9191156574210201,0.8977086020543162,1,mbpp_062
0.9867606501148619,0.9705268144607544,0.9191156574210201,0.8930366692494929,0,mbpp_062
0.9974891356278268,0.9050077199935913,0.7057125254568148,0.8997604136960684,1,mbpp_086
0.9999971856498364,0.9617058038711548,0.9103540377184374,0.8918509422843152,1,mbpp_089
0.09570721437915038,0.09694413095712662,0.21003411735137967,0.6561218577652929,0,mbpp_089
0.9774624929478947,0.9143289923667908,0.9001845797973429,0.9353793635037031,1,mbpp_094
0.007505239178211347,0.007235373370349407,0.01932480125587993,0.006916436553840842,0,mbpp_094
0.9752684229320473,0.9571124315261841,0.9202842571697295,0.9525534653740504,1,mbpp_095
0.9773258480749889,0.9162813425064087,0.9075004376004379,0.9363591469471787,1,mbpp_098
0.934077407178728,0.9052532315254211,0.9140198563261123,0.9435895187198668,1,mbpp_099
0.9955285376152854,0.9684662818908691,0.8760952230818279,0.9107123085950052,1,mbpp_100
0.034235419520679794,0.024037053808569908,0.02026292624179571,0.06190894421370388,0,mbpp_100
0.9971451401806386,0.982060432434082,0.9200845926566315,0.9116823729243082,1,mbpp_104
0.8157432239309995,0.9458155035972595,0.8969179638806053,0.8938649896147716,0,mbpp_104
0.6657152476842813,0.7139793634414673,0.8393761211552547,0.6210713965242297,0,mbpp_104
0.9943195704419632,0.7104962468147278,0.47824977311190753,0.8949271520167889,1,mbpp_113
0.039411834254932915,0.0131650036200881,0.01703770101657048,0.0538041809778548,0,mbpp_113
0.9806757022353276,0.9165578484535217,0.9175544560348485,0.9163577555248889,1,mbpp_118
0.9966612036785634,0.9461795091629028,0.9047084838451162,0.9045873684224002,1,mbpp_126
0.0686921635236622,0.07311253249645233,0.13817050444313042,0.21334072783535193,0,mbpp_126
0.9947394224660648,0.9543715119361877,0.9243400663883875,0.903395727991694,1,mbpp_131
0.9930224604400978,0.9572291970252991,0.9099956038454389,0.8922492740011602,1,mbpp_139
0.9832958510717004,0.9581657648086548,0.7229514976704818,0.9037270303087644,1,mbpp_140
0.9972945402146357,0.9583073854446411,0.9211770960020698,0.9013125404641349,1,mbpp_141
0.6551728966030725,0.865727424621582,0.7174128910708717,0.9126393310588851,0,mbpp_141
0.9967443608957233,0.9635812640190125,0.9202972747211777,0.9097435921156997,1,mbpp_142
0.029066107856224755,0.0131650036200881,0.02026292624179571,0.059335941297355775,0,mbpp_142
0.9911470950892085,0.9240039587020874,0.9124073898370217,0.9169608843489062,1,mbpp_145
0.9515939623267726,0.8794600963592529,0.6720080477353817,0.9002053402904316,1,mbpp_161
0.9305230977631161,0.9334937334060669,0.8864845711780339,0.9214168654977992,1,mbpp_162
0.15042562963664982,0.07286840677261353,0.136970796256487,0.3392879550808728,0,mbpp_162
0.6863962264466735,0.8809455037117004,0.7936467038324619,0.9493614397796427,1,mbpp_223
0.49434956141520325,0.8396034836769104,0.7558762301869857,0.8686955206501332,0,mbpp_223
0.03130869374648707,0.007235373370349407,0.01932480125587993,0.030655020246138927,0,mbpp_223
0.9991028588079881,0.9535852074623108,0.7737024541631414,0.9033880814085322,1,mbpp_228
0.0786084350735662,0.058405641466379166,0.19910174095559136,0.2649231092039163,0,mbpp_228
0.8768486458488197,0.9205085039138794,0.8895295061477688,0.9516742136279128,1,mbpp_230
0.9732158315611086,0.9421972036361694,0.9142816124553788,0.9275158660007393,1,mbpp_232
0.9166547045501334,0.8613638281822205,0.8851016367082226,0.9264537250115512,1,mbpp_238
0.06029420071300462,0.006816054694354534,0.08581453536120322,0.06450995555607905,0,mbpp_238
0.7393981098551569,0.9155943989753723,0.8641908900905421,0.9412849086505408,1,mbpp_250
0.9995610236016289,0.9631990194320679,0.9013146091361922,0.8937671927185904,1,mbpp_252
0.8130457156929372,0.8976473808288574,0.8618297809275556,0.9622241169151976,1,mbpp_255
0.0384750691134594,0.00595089141279459,0.045879030838128,0.028539487983164795,0,mbpp_255
0.9713944912464443,0.9160767197608948,0.9152021050765944,0.9153798544041268,1,mbpp_256
0.8661238245806411,0.8947131037712097,0.7771391628276253,0.9479751165482132,1,mbpp_261
0.9326126075418684,0.9093475341796875,0.9140198563261123,0.9524095753438319,1,mbpp_267
0.9426355460453505,0.9122312664985657,0.9095553955826534,0.9557496675872835,1,mbpp_271
0.9860592816515166,0.9274847507476807,0.9194350320634448,0.9234428008549583,1,mbpp_274
0.9897819924685174,0.941408634185791,0.9207285490523232,0.8933805440708512,1,mbpp_281
0.9893785323144311,0.8935961723327637,0.9125548978712739,0.9154251775089103,1,mbpp_283
0.8158366437233862,0.9452856183052063,0.9156452488190152,0.963539753294484,1,mbpp_287
0.9401562686762933,0.8769197463989258,0.8618297809275556,0.9428266348278084,1,mbpp_291
0.9856167461485413,0.910662055015564,0.9148639707305369,0.9178704915003659,1,mbpp_292
0.9979836609344054,0.966273307800293,0.8479655218152233,0.911996646640088,1,mbpp_293
0.056943333688660114,0.08476902544498444,0.1561884328866767,0.1462403945607621,0,mbpp_293
0.9978618619347853,0.9661571383476257,0.6752090042976165,0.8937828992618898,1,mbpp_297
0.8522846818901292,0.8772136569023132,0.8783264057155623,0.9505683016857448,1,mbpp_392
0.9974341537182914,0.9594988822937012,0.9243998015345588,0.9117032527330385,1,mbpp_394
0.9004248052846657,0.9137350916862488,0.6899767236161756,0.9047888083220843,1,mbpp_401
0.9596305409960068,0.8707071542739868,0.892105579917106,0.9115936657808023,1,task_001
0.3678262592434742,0.36022260785102844,0.6219939650319226,0.5505641319806245,0,task_001
0.7965618352068915,0.8840945959091187,0.8593900891452146,0.9485178905852826,1,he_062
0.22134411384702718,0.06900238990783691,0.26389037731884285,0.20498686831513757,0,he_062
0.24092378808794257,0.14468641579151154,0.2614089442937171,0.41150689359142517,0,he_062
0.22421365553997213,0.016574490815401077,0.14812090762700336,0.04470911105598518,0,he_062
0.5727550149135389,0.4642926752567291,0.7495146262771601,0.7504304738098722,1,he_084
0.6026491347785506,0.41027694940567017,0.67166553586226,0.7003137681346516,1,he_116
0.11549410451626259,0.011926957406103611,0.09880938404970666,0.04089201880329513,0,he_116
0.5356337138793077,0.6186385154724121,0.7856595094256966,0.8543999003847627,1,he_122
0.8892485875210978,0.9644325375556946,0.9193469248672205,0.9697356575101554,1,he_139
0.17287089783640813,0.049042847007513046,0.12224636640775653,0.12608620719533128,0,he_139
0.364588673467954,0.24069572985172272,0.6820621763296199,0.6378819395269946,1,he_142
0.15389954153468452,0.008881221525371075,0.11801741007592445,0.04329930256380707,0,he_142
0.0696713504320595,0.006006792187690735,0.006178825456533601,0.031238115101563144,0,he_142
0.07125719009883956,0.006006792187690735,0.04522597236298031,0.013252781901581592,0,he_142
0.8344554269826631,0.9307196736335754,0.9031186230400082,0.9549681559890415,1,he_156
0.05917192963372671,0.0077522387728095055,0.03082304440425101,0.017742596127873145,0,he_156
0.9671398188338411,0.9511793851852417,0.9150133629162616,0.9159384661034835,1,mbpp_012
0.9242633597602211,0.8947131037712097,0.7338925697354546,0.9189001399266528,1,mbpp_088
0.922983999645761,0.8947131037712097,0.7815410211319225,0.9239424761694581,0,mbpp_088
0.9859100368341099,0.8876261115074158,0.7446964309705691,0.8906197141703519,1,mbpp_115
0.4779281042573535,0.6331135034561157,0.682328551171815,0.814476586383248,0,mbpp_115
0.9747744005780613,0.9511867165565491,0.9167353466749297,0.9118048549096595,1,mbpp_133
0.5092366964041104,0.7191515564918518,0.8111880324647456,0.6467084037461889,0,mbpp_133
0.8626208053988574,0.8772136569023132,0.8681795783213293,0.9438978616256914,1,mbpp_165
0.00791639455693452,0.006816054694354534,0.014692469677563316,0.006435087399832734,0,mbpp_165
0.9976230715637947,0.9512233734130859,0.9235156916747939,0.9111498239034256,1,mbpp_166
0.9981765751349322,0.9477795362472534,0.9081973584642331,0.8910699300196908,1,mbpp_167
0.9163548447198137,0.9164823889732361,0.913088015199644,0.9571487373393442,1,mbpp_226
0.9966111088826543,0.9732651114463806,0.9020061918451536,0.910349453095995,1,mbpp_227
0.9586029540151229,0.9240039587020874,0.9057432124776338,0.9449322707212713,1,mbpp_266
0.9486822323656336,0.9240039587020874,0.9070551309765161,0.9516257309165682,0,mbpp_266
0.993662119155709,0.9661571383476257,0.6871586898322077,0.8952710385883796,1,mbpp_268
0.9514643393662016,0.8613638281822205,0.8851016367082226,0.9083380068700861,1,mbpp_285
0.9963285575070974,0.9360260367393494,0.9166140194490943,0.8922640903671717,1,mbpp_397
0.9839611008824608,0.9364556670188904,0.9117673718716336,0.9146368084711192,0,mbpp_397
0.9363442688600924,0.9052532315254211,0.9140198563261123,0.9447289562012335,1,mbpp_406
0.9728712943489829,0.9118506908416748,0.8082959916537402,0.8938359932244424,1,mbpp_409
0.26614874532899346,0.1574382781982422,0.2770834878460535,0.3472782070402182,0,mbpp_409
0.03943153520972833,0.03757739067077637,0.08505849595408345,0.22388281912539837,0,mbpp_409
0.990877587939445,0.9622272849082947,0.9177492612296538,0.9023281896874822,1,mbpp_422
0.9980141905066434,0.9548479914665222,0.7791844711495978,0.8992667266682267,1,mbpp_428
0.9836937195606704,0.9180980920791626,0.9006184157805763,0.8935128720013197,1,mbpp_436
0.9937043417486723,0.966273307800293,0.8699137388752628,0.9183199607616863,1,mbpp_439
0.8993097773410488,0.8217616677284241,0.8717663983947378,0.9510749358140915,1,mbpp_441
0.9446271838580167,0.9177742600440979,0.6873732179360923,0.8908445910866858,1,mbpp_451
0.9951885344636363,0.904102087020874,0.9108027289270776,0.9047791766190474,1,mbpp_453
0.0883955323063886,0.030695104971528053,0.05368051452913632,0.1263792301215074,0,mbpp_453
0.9954076524254639,0.9543989896774292,0.8480972215787855,0.9016016710230926,1,mbpp_454
0.01024001766470022,0.00595089141279459,0.021680545440216505,0.0103292439824311,0,mbpp_454
0.2604984518226055,0.15107755362987518,0.37205120494322996,0.35739461511164006,0,mbpp_454
0.9994100753378923,0.9521375298500061,0.9104548583742168,0.8993790977254323,1,mbpp_457
0.9804357223969095,0.9684662818908691,0.8989928974939305,0.8915484726135788,1,mbpp_458
0.9982154143120866,0.9650075435638428,0.7954519754754658,0.896268860476918,1,mbpp_459
0.9991408632315663,0.9707515835762024,0.8917999252232056,0.9092422171816419,1,mbpp_460
0.04041899391069801,0.024037053808569908,0.030916281115858025,0.08914311509438505,0,mbpp_460
0.9985822054358364,0.9322829246520996,0.6871071217881993,0.8997359273317183,1,mbpp_463
0.99923504324135,0.9527062177658081,0.9063607688738787,0.9016374812572445,1,mbpp_472
0.03667228533522511,0.011396495625376701,0.02376563819671687,0.046502312710619234,0,mbpp_472
0.9728295206851044,0.9379306435585022,0.9039927519281399,0.9161867125537067,1,mbpp_554
0.010754451313449709,0.006816054694354534,0.014692469677563316,0.01706561183997268,0,mbpp_554
0.9651258695464118,0.9167569875717163,0.7033760768586839,0.9164334528760592,1,mbpp_567
0.9739902739852668,0.9326117038726807,0.7682936550837992,0.9032246702376597,1,mbpp_568
0.9863821650201707,0.9095765352249146,0.9093838573649093,0.915321472625373,1,mbpp_569
0.9777925796757659,0.9568113088607788,0.9191156574210201,0.8974892363851776,1,mbpp_576
0.9996314069044051,0.9398183226585388,0.6666535807743506,0.908395273498066,1,mbpp_583
0.9698337039594582,0.9002872109413147,0.778803966184419,0.9083380945344944,1,mbpp_586
0.995685358560432,0.9405770897865295,0.8941938805967139,0.8983963802451966,1,mbpp_591
0.9994325834401875,0.9635812640190125,0.9202972747211777,0.8989486577831558,1,mbpp_593
0.9988898906756913,0.9504438638687134,0.9063607688738787,0.9087910090733985,1,mbpp_596
0.854274216354458,0.921643853187561,0.9064919839785865,0.9477252976477846,0,mbpp_596
0.27721471030090017,0.4762141704559326,0.6069487692953865,0.6731260755835742,0,mbpp_596
0.9978258823470045,0.9732651114463806,0.9152612782954508,0.9048709503471413,1,mbpp_602
0.9996264902049918,0.9517836570739746,0.9149858847678308,0.905359166075776,1,mbpp_604
0.9579253170333603,0.9242827296257019,0.6867582353394056,0.8995941657024773,1,mbpp_605
0.9984093390321479,0.9568113088607788,0.9217282700336328,0.9096823059661319,1,mbpp_606
0.7581309055831249,0.9258402585983276,0.9154508516385674,0.9301693627052497,0,mbpp_606
0.9839367704985378,0.9114162921905518,0.8758222076133958,0.9019562594961721,1,mbpp_611
0.9998309193991819,0.9713563323020935,0.9175385536747253,0.8994126018619787,1,mbpp_618
0.9990946434046919,0.9756522178649902,0.9175385536747253,0.9137796082696684,0,mbpp_618
0.008441182643999559,0.006816054694354534,0.014692469677563316,0.011037643318380648,0,mbpp_618
0.9682540838842622,0.9247473478317261,0.7680359818871542,0.8975370048911563,1,mbpp_619
0.9946393304723598,0.9499819874763489,0.9175544560348485,0.9059471726093317,1,mbpp_624
0.9934863751572587,0.904102087020874,0.9108027289270776,0.9028138579570035,1,mbpp_625
0.996198574909519,0.9419080018997192,0.9146279567313242,0.8915642273383507,1,mbpp_627
0.9674645391056758,0.974234938621521,0.832909544715863,0.8909023884835643,1,mbpp_628
0.9979648501062671,0.9504438638687134,0.9130249462332668,0.8995462075912364,1,mbpp_629
0.999539678103774,0.9691688418388367,0.9217282700336328,0.8980084044980586,1,mbpp_637
0.99380167542635,0.9691688418388367,0.9191156574210201,0.8992567508030206,0,mbpp_637
0.32997634663420616,0.5670761466026306,0.5055947906504052,0.20769822206892893,0,mbpp_637
0.9707101563388587,0.935076117515564,0.9101755285677109,0.9373845732467679,1,mbpp_639
0.9650496661906743,0.9218465089797974,0.9167353466749297,0.9246105444279867,1,mbpp_720
0.9341685047346103,0.8494215607643127,0.8853423059496411,0.9418028732731859,1,mbpp_723
0.85330496418762,0.9110649824142456,0.8862719560609797,0.9563187660937904,1,mbpp_726
0.9940992545372896,0.9491533637046814,0.9114506158042248,0.8908472543773542,1,mbpp_732
0.8707904020211101,0.9172643423080444,0.8558464837702282,0.9610385707966961,0,mbpp_732
0.6126892369954426,0.8372865915298462,0.8557395845110901,0.7731807470843277,1,task_071
0.12695074570980314,0.019042734056711197,0.09766701468009253,0.04408394339819845,0,task_071
0.051544093014078474,0.006006792187690735,0.04590413328252054,0.021569768960100898,0,task_071
0.07402905743907535,0.008089512586593628,0.06325482576143533,0.014868526256390695,0,task_071
0.5887602967675742,0.8617995977401733,0.841232313186951,0.881730468643372,1,he_132
0.3382115675568572,0.6931666731834412,0.5559455813203926,0.5801397998934466,0,he_132
0.2617317387029251,0.03942646086215973,0.15299265768853584,0.03260185103989312,0,he_132
0.9555017793895767,0.9234939217567444,0.733868027523443,0.8966040419498442,1,mbpp_105
0.23450312589966638,0.15985654294490814,0.34847891034508954,0.4018937030855713,0,mbpp_105
0.9956976254369666,0.9661571383476257,0.6977306261428455,0.8934101700722986,1,mbpp_111
0.9996687099511079,0.9534440636634827,0.8903788477422087,0.9040658455054927,1,mbpp_135
0.939864931480088,0.910662055015564,0.9139660927464521,0.9511201924879812,1,mbpp_171
0.9762089231799599,0.9380852580070496,0.8992470934452089,0.8971697482350132,1,mbpp_244
0.27284702885653944,0.1768958419561386,0.33915563210827726,0.6417427117239853,0,mbpp_244
0.9325703936468943,0.9121992588043213,0.8952017267069908,0.9666842513218327,1,mbpp_257
0.9851645111707937,0.8912999629974365,0.7396136615914827,0.9060332220893237,1,mbpp_308
0.9994640732692798,0.9504438638687134,0.9130249462332668,0.9082433340882962,1,mbpp_412
0.9409886191976993,0.9165117144584656,0.8779993560763255,0.9301398168936151,1,mbpp_424
0.9975574588611713,0.951255202293396,0.9188737856599909,0.900282592577095,1,mbpp_471
0.9998778239073853,0.9608834981918335,0.9173753026916787,0.8944289909655243,1,mbpp_558
0.947722400742587,0.9351710677146912,0.9013886354489087,0.9374796600265664,1,mbpp_566
0.9901710256994359,0.9154351353645325,0.9100521218565656,0.9391715237934937,1,mbpp_573
0.9949389497026291,0.9718335866928101,0.709561383738103,0.9059479865157063,1,mbpp_579
0.9800332456009244,0.9718335866928101,0.6836687936308067,0.9100381519712794,0,mbpp_579
0.2598292540845076,0.1950388252735138,0.26776594761843336,0.822955374007271,0,mbpp_579
0.9804208170543108,0.9228760004043579,0.8992470934452089,0.8937795628224617,1,mbpp_620
0.9927808990157209,0.9670165181159973,0.8921092846400921,0.8981809476846372,1,mbpp_725
0.997410112401126,0.9455224275588989,0.9125685678341846,0.9081054324536962,1,mbpp_733
0.9876526066957333,0.9323307871818542,0.8609369237846985,0.890180066684012,1,mbpp_737
0.9999741283223054,0.9703036546707153,0.7706301036819301,0.9096464061790174,1,mbpp_738
0.8602732444278923,0.8602149486541748,0.7466924595909242,0.9307961025247653,0,mbpp_738
0.9706131267302371,0.9598420858383179,0.70720750286678,0.8994173837609398,1,mbpp_740
0.9975152966057987,0.9655357003211975,0.7706301036819301,0.9112837465466401,1,mbpp_742
0.9968310817174325,0.9435019493103027,0.8935486866579216,0.913559485832455,1,mbpp_743
0.9580776714669647,0.8888871073722839,0.698581698057795,0.891417669698155,1,mbpp_744
0.9148703776720634,0.9274855852127075,0.9070551309765161,0.9630476836409201,1,mbpp_746
0.32770660019676207,0.5006304383277893,0.559762223688883,0.22252107081234906,0,mbpp_746
0.12905251365356424,0.021101489663124084,0.10712586825824638,0.0598634336891657,0,mbpp_746
0.9859150726707898,0.9570855498313904,0.9200860521598263,0.8950116821904283,1,mbpp_748
0.9447549997029876,0.9164823889732361,0.9103750334552221,0.9542630126350714,1,mbpp_752
0.8927490444540384,0.8744076490402222,0.9072200641556758,0.956958106838856,1,mbpp_754
0.03350552713231468,0.006816054694354534,0.006523666549641783,0.01673459252788712,0,mbpp_754
0.9413427468173456,0.9333838224411011,0.8752578628918748,0.9333169796497428,1,mbpp_758
0.04137947454077262,0.007235373370349407,0.008423660819063948,0.024090104196148127,0,mbpp_758
0.9996760816207853,0.9661892652511597,0.9115091899140275,0.9000055537032632,1,mbpp_759
0.9958060349590643,0.9593236446380615,0.9251654845042921,0.9037694288266797,1,mbpp_760
0.988030882374575,0.9332913160324097,0.9200845926566315,0.9358951221453998,1,mbpp_762
0.1795601884056365,0.06932464241981506,0.14430646352469637,0.13196082275727522,0,mbpp_762
0.9958390478068665,0.9441280364990234,0.9132633139641976,0.8916033605300754,1,mbpp_764
0.934481273305691,0.9052532315254211,0.8807950790505576,0.9300384386921177,1,mbpp_767
0.9942486703448054,0.9612086415290833,0.8693184622718636,0.9114042677576516,1,mbpp_778
0.7999670978086405,0.8502129912376404,0.8462226719047979,0.9460342247117643,1,mbpp_779
0.9915258590341836,0.9579514265060425,0.8851016367082226,0.9139079980135262,1,mbpp_784
0.9880757260497934,0.9448923468589783,0.8851016367082226,0.908487525480567,0,mbpp_784
0.9995017683787012,0.9537267088890076,0.7330260467261054,0.9128036782816751,1,mbpp_785
0.5576435822390162,0.8931897878646851,0.7206673851400592,0.9510999225963086,0,mbpp_785
0.9920492166062049,0.94279944896698,0.8645995635151507,0.8939019809758473,1,mbpp_793
0.9818168081134323,0.9581657648086548,0.6982067966373151,0.9064738625847986,1,mbpp_794
0.9957089401025603,0.9730430245399475,0.8580234131007098,0.9092790896999222,1,mbpp_796
0.04281487184978996,0.05829613655805588,0.09917795477435756,0.2705607080272838,0,mbpp_796
0.9964938847176872,0.9351710677146912,0.9059112708045969,0.895796628218784,1,mbpp_798
0.9999767349115541,0.9535852074623108,0.7743574383260813,0.898040942456277,1,mbpp_800
0.9716224075917077,0.9346780180931091,0.8511407470966229,0.8946887833619799,1,mbpp_803
0.9827290112565878,0.9670165181159973,0.8982710121302803,0.8947976174779549,1,mbpp_804
0.970198976968114,0.9216803312301636,0.9048703077924717,0.9350512862132748,1,mbpp_805
0.028496810282640797,0.0088840052485466,0.033529668080119285,0.0626581575939692,0,mbpp_805
0.9999987407022863,0.9512182474136353,0.9190659398954121,0.8752946024873846,1,he_145
0.9438290553818578,0.9477023482322693,0.9122391885172558,0.9439204576817174,0,he_145
0.08841883166541697,0.007997782900929451,0.029539151506194346,0.04500811741608346,0,he_145
0.999265742025236,0.9741533398628235,0.9198909046329794,0.9172281102344896,1,mbpp_096
0.05346221536575191,0.08476902544498444,0.13146925655109082,0.14374186223180693,0,mbpp_096
0.9969194414203021,0.968472421169281,0.9200845926566315,0.9058323562190358,1,mbpp_125
0.9854233768668893,0.9332913160324097,0.9200845926566315,0.9254159479086476,0,mbpp_125
0.390030129098742,0.6507558226585388,0.7735560432824187,0.3125067150361071,0,mbpp_125
0.23957188401402071,0.03412209078669548,0.23091264463428726,0.07976751529812164,0,mbpp_125
0.9999608792488865,0.9676337838172913,0.8953744128568738,0.9103062823885611,1,mbpp_132
0.20827251937810434,0.09331604838371277,0.12590932049847595,0.5298913873530313,0,mbpp_132
0.974522568992482,0.9174712896347046,0.8719832758663876,0.8925668497077763,1,mbpp_222
0.6484359130200829,0.8288881182670593,0.7914603656608294,0.9472933008289562,1,mbpp_284
0.975953750989847,0.9309443235397339,0.917785942760036,0.9043071132970318,1,mbpp_309
0.5673578090331487,0.2907785177230835,0.7349539929617351,0.6268203905710311,0,mbpp_309
0.010548454061085621,0.007542445324361324,0.015443799422668887,0.009410286184704797,0,mbpp_309
0.8773861872687329,0.9321885108947754,0.7317512971202249,0.8984954868937238,1,mbpp_470
0.9962181385515516,0.9495013356208801,0.9037600254642897,0.9084893769411245,1,mbpp_557
0.5848657106880526,0.8195275664329529,0.8605562431635029,0.8991111530267862,0,mbpp_557
0.9857205354121586,0.8925215005874634,0.8758222076133958,0.9029653826341483,1,mbpp_599
0.011408178904125188,0.006006792187690735,0.026979567291250457,0.019224617828583555,0,mbpp_599
0.4226718366076658,0.24069572985172272,0.7109491023521403,0.6626823435357052,0,mbpp_599
0.9990222946870532,0.9322829246520996,0.6826277900125589,0.9020283929603213,1,mbpp_635
0.9094234635918197,0.7540963888168335,0.7720923015127465,0.9118411864006404,1,mbpp_731
0.9973619623537444,0.9408303499221802,0.92261974253272,0.9065528785405033,1,mbpp_734
0.9351980807798778,0.9261714220046997,0.7637598999596453,0.927671019112031,0,mbpp_734
0.9985997470731971,0.9705268144607544,0.9026343797750533,0.9065238617701623,1,mbpp_739
0.9186850983111912,0.8759444355964661,0.7798848839072864,0.9188338796214379,1,mbpp_745
0.9861844910018472,0.9242070913314819,0.8181575183351858,0.9056389476040221,1,mbpp_747
0.9843617891415114,0.9263269305229187,0.9131140334618496,0.9014417492219072,1,mbpp_766
0.015038752961436717,0.007542445324361324,0.015443799422668887,0.013554340107998218,0,mbpp_766
0.9996061919393029,0.9684662818908691,0.9008836247428929,0.8939829376962951,1,mbpp_771
0.040128021419862776,0.024037053808569908,0.03776252808922363,0.06860931537968751,0,mbpp_771
0.9575000257443459,0.9661571383476257,0.6752090042976165,0.9110890971155646,1,mbpp_772
0.04166900999955029,0.03982376679778099,0.10360589480830694,0.1470628540208106,0,mbpp_772
0.9995547206515566,0.9535852074623108,0.7724718239404669,0.9064415719542285,1,mbpp_791
0.9936629563775309,0.9718335866928101,0.8134731701096072,0.9122920469347391,1,mbpp_801
0.5384208677155221,0.753423273563385,0.7823307537878569,0.9164930613881155,0,mbpp_801
0.9938143813580602,0.9452300071716309,0.9117673718716336,0.8941841656137842,1,mbpp_097
0.006952505776901753,0.00595089141279459,0.021680545440216505,0.006396448905146461,0,mbpp_097
0.9687115700211315,0.9277257919311523,0.7610041085031373,0.9003237371098731,1,mbpp_101
0.36846793392579846,0.23183459043502808,0.46782374391618786,0.7961107152610477,0,mbpp_101
0.9568053156560141,0.9367429614067078,0.7867757639610906,0.9036531829725416,1,mbpp_172
0.3179762420981314,0.6589667201042175,0.3551565461917112,0.8246315439338509,0,mbpp_172
0.998744164054147,0.9761126041412354,0.8963397556924905,0.9082134063342565,1,mbpp_434
0.20522448689432393,0.08263164013624191,0.1817824013001886,0.45065246938477177,0,mbpp_434
0.9826341520996728,0.9320667386054993,0.8633001218779833,0.8901379088341146,1,mbpp_616
0.97461830379768,0.9331474304199219,0.8925516192092414,0.9067822909707005,1,mbpp_741
0.9584393046573582,0.925000011920929,0.8871941372729334,0.92009898403045,0,mbpp_741
0.9626468928902845,0.9283269047737122,0.8949120544726411,0.9185081951137989,1,mbpp_170
0.5062988433668129,0.4457698166370392,0.7907995745361496,0.6861002029752863,0,mbpp_170
0.9993094887295562,0.9419080018997192,0.9155208138741813,0.9018883289542756,1,mbpp_247
0.7782292980619293,0.7927877902984619,0.7420627286972037,0.9435299273008276,1,mbpp_435
0.8738408911178364,0.7169963121414185,0.7090185862648769,0.9026157408524997,1,mbpp_456
0.0961647822378081,0.08476902544498444,0.2664742208265718,0.4362245016521881,0,mbpp_456
0.006183400579570587,0.006816054694354534,0.014692469677563316,0.00774988713518644,0,mbpp_456
0.9948504567325384,0.9732651114463806,0.9020061918451536,0.9052891444395209,1,mbpp_577
0.9954650953366779,0.9635812640190125,0.9202972747211777,0.9047617083604974,1,mbpp_730
0.5053282932777285,0.7307161688804626,0.6808756456658809,0.8507182605825697,0,mbpp_730
0.9904803897163297,0.9531621932983398,0.9227493771217418,0.91012119195609,1,mbpp_806
0.778872713791537,0.8918977975845337,0.8959029831398096,0.8217499948432754,0,mbpp_806
0.9738572849859258,0.9617789387702942,0.921109675285634,0.9525942421090646,0,mbpp_806
0.10784545706883782,0.01504236739128828,0.06875829610011118,0.057736949109250806,0,mbpp_806
0.7653912838784123,0.9155943989753723,0.8641908900905421,0.9464497896684079,1,mbpp_277
0.48006658480731906,0.6934270858764648,0.6330295070192552,0.6656227675447955,0,mbpp_277
0.09747110004302788,0.013181584887206554,0.08248051464420719,0.02165224448135112,0,mbpp_277
0.9741569656083231,0.9252074360847473,0.8618297809275556,0.9049705459474248,1,mbpp_632
0.4955259136063652,0.839654266834259,0.8085938668052673,0.6669256351329248,0,mbpp_632
0.9596500681609283,0.906458854675293,0.8096673139891079,0.8907114541923756,1,mbpp_753
0.9948402341561321,0.9629107713699341,0.8954441601540504,0.9108542098205172,1,mbpp_782
0.9305188326213925,0.9544284343719482,0.7286893974919684,0.898888607034111,0,mbpp_782
0.9488641732365096,0.9239346981048584,0.7666993789895231,0.8996304945407564,1,mbpp_799
0.9930418167232391,0.9274847507476807,0.9142566688649381,0.907290534429689,1,mbpp_224
0.7915081682841839,0.8419208526611328,0.8868689149752029,0.8391775537623343,0,mbpp_224
